id,expectedX,expectedY
1,4.22233015,47.28187695
2,4.15337857,46.99263674
