id,expectedX,expectedY
P1,4.22233015,47.28187695
P2,4.15337857,46.99263674
P3,2.35220000,48.85660000
